@******ferent, 61456, $500, Quotes & Text, 12/09/2019
@******hana_, 65010, $555, Blog & Lifestyle, 12/09/2019
@********world._, 26917, $110, Fashion & Style, 12/09/2019
@*****eupi, 60191, $1800, Health & Beauty, 12/09/2019
@*****goals, 5022, $129, Fitness & Sports, 12/09/2019
@******ediia, 12774, $120, Travel & Nature, 12/09/2019
@******s_muz, 17316, $180, Humor & Memes, 12/09/2019
@************y.c.l.e.s.s, 8066, $180, Cars & Bikes, 12/09/2019
@****si21, 11380, $100, Humor & Memes, 12/09/2019
@************e_creatures, 28641, $600, Pets & Animals, 12/09/2019
@*********ationalgi, 31756, $600, Fitness & Sports, 12/09/2019
@*********shionate, 17146, $300, Fashion & Style, 12/09/2019
@**************dbliss_quotes, 5157, $150, Business & Brand, 12/09/2019
@*************dbliss_quotes, 5316, $150, Business & Brand, 12/09/2019
@******tricks, 11044, $150, Blog & Lifestyle, 12/09/2019
@*****coils, 10817, $140, Blog & Lifestyle, 12/09/2019
@******yvapez, 10128, $120, Blog & Lifestyle, 12/09/2019
@*****gram, 10806, $140, Blog & Lifestyle, 12/09/2019
@*****vapez, 10718, $140, Blog & Lifestyle, 12/09/2019
@********e_stuff, 11482, $150, Blog & Lifestyle, 12/09/2019
@*******izardz, 8738, $100, Blog & Lifestyle, 12/09/2019
@*****apes, 9602, $100, Blog & Lifestyle, 12/09/2019
@****apez, 10565, $125, Blog & Lifestyle, 12/09/2019
@***tho, 13153, $150, Fashion & Style, 12/09/2019
@******peaple, 7492, $105, Travel & Nature, 12/09/2019
@******visit, 7659, $105, Travel & Nature, 12/09/2019
@*********ous_zone, 9012, $105, Travel & Nature, 12/09/2019
@*********oodplace, 13092, $125, Travel & Nature, 12/09/2019
@****neli, 21489, $175, Fitness & Sports, 12/09/2019
@******__x__, 17485, $120, Travel & Nature, 12/09/2019
@******tpage, 20119, $300, Fashion & Style, 12/09/2019
@***********edofficial, 143154, $2800, Quotes & Text, 12/09/2019
@**********official._, 5323, $130, Movies TV & Fanpages, 12/09/2019
@*****ssa1, 30889, $400, Fashion & Style, 12/09/2019
@*******fficial, 182633, $450, Fashion & Style, 12/09/2019
@*************_and_respect, 5911, $100, Quotes & Text, 12/09/2019
@*******s.loves, 15644, $180, Pets & Animals, 12/09/2019
@*******ngspot, 203729, $3000, Fashion & Style, 12/09/2019
@*********nmoments, 12444, $200, Travel & Nature, 12/09/2019
@*****roo_, 77223, $3500, Fashion & Style, 12/09/2019
@**********raphy_2020, 12991, $100, Travel & Nature, 12/09/2019
@*******csetup, 44617, $800, Gaming & Entertainment, 12/09/2019
@****f.ig, 24189, $300, Pets & Animals, 12/09/2019
@******oleumm, 87389, $430, Educational & QA, 12/09/2019
@*********btscloset, 154936, $1000, Fashion & Style, 12/09/2019
@****hots, 208905, $17000, Travel & Nature, 12/09/2019
@*********h_friend, 9564, $330, Fashion & Style, 12/09/2019
@******yar_x, 14647, $200, Blog & Lifestyle, 12/09/2019
@*********ham4fans, 30407, $500, Art & Design, 12/09/2019
@*******el.jpg, 26402, $400, Art & Design, 12/09/2019
@**********g_dinosaur, 19893, $100, Pets & Animals, 12/09/2019
@******lplan, 9090, $130, Food & Nutrition, 12/09/2019
@*******scloset, 154876, $1200, Fashion & Style, 12/09/2019
@****fom, 90717, $450, Health & Beauty, 12/09/2019
@***hid, 12367, $600, Fashion & Style, 12/09/2019
@*******oopers, 8582, $100, Fitness & Sports, 12/09/2019
@********fiacars, 11111, $300, Cars & Bikes, 12/09/2019
@******_mania, 6982, $125, Fitness & Sports, 12/09/2019
@*******okes___, 7614, $200, Humor & Memes, 12/09/2019
@*********spective, 134109, $3000, Blog & Lifestyle, 12/09/2019
@*****s.io, 58110, $450, Tech & Computers, 12/09/2019
@********animes_, 17059, $225, Art & Design, 10/09/2019
@****z_31, 8447, $850, Fashion & Style, 10/09/2019
@*********ravelblog, 8840, $300, City & Country, 10/09/2019
@*********s_nation, 68791, $10000, Pets & Animals, 10/09/2019
@*****rld.s, 22580, $750, Art & Design, 10/09/2019
@****mags, 42298, $1000, Art & Design, 10/09/2019
@*****iorq, 9588, $500, Architecture & Interior, 10/09/2019
@*****iorq, 58186, $1100, Architecture & Interior, 10/09/2019
@*****gicx, 61357, $450, Fitness & Sports, 10/09/2019
@******y.usa, 21886, $280, Fitness & Sports, 10/09/2019
@*********.modelss, 101292, $1440, Fashion & Style, 10/09/2019
@****1st, 95332, $1240, Travel & Nature, 10/09/2019
@******others, 92292, $990, Fashion & Style, 10/09/2019
@********thority, 21489, $2500, Health & Beauty, 10/09/2019
@*******xpacks, 22145, $300, Fitness & Sports, 10/09/2019
@****h_1, 5139, $3040, Blog & Lifestyle, 10/09/2019
@**********official_, 184073, $600, Humor & Memes, 10/09/2019
@***0p, 9185, $150, Cars & Bikes, 10/09/2019
@**********icsuccess, 11192, $175, Gaming & Entertainment, 10/09/2019
@*******ontazer, 21048, $290, Fashion & Style, 08/09/2019
@******spain, 68204, $800, Travel & Nature, 08/09/2019
@*******garwal, 174465, $900, Fashion & Style, 08/09/2019
@********nar_page, 337571, $6300, Fitness & Sports, 08/09/2019
@***********l_channel_, 36837, $700, Fitness & Sports, 08/09/2019
@*********anet.inst, 50130, $590, Pets & Animals, 08/09/2019
@****awki, 99472, $1520, Movies TV & Fanpages, 08/09/2019
@********_animals, 42085, $350, Pets & Animals, 08/09/2019
@*******ithnad, 9733, $150, Fashion & Style, 08/09/2019
@*******odels_, 15650, $105, Business & Brand, 08/09/2019
@******aldo_, 14548, $100, Fitness & Sports, 08/09/2019
@**********erlike999, 62395, $350, Fashion & Style, 08/09/2019
@*****rhgt, 10727, $500, Blog & Lifestyle, 08/09/2019
@******ncare, 7210, $100, Quotes & Text, 08/09/2019
@***au, 11867, $120, Fitness & Sports, 08/09/2019
@******elili, 16660, $150, Blog & Lifestyle, 11/09/2019
@****eru_, 120041, $1500, Art & Design, 08/09/2019
@*******_dz_31, 57862, $3500, Fashion & Style, 08/09/2019
@*********adreddine, 29898, $1500, Fashion & Style, 08/09/2019
@********trump.45, 15968, $280, Movies TV & Fanpages, 08/09/2019
@**********iarightnow, 26454, $4000, Travel & Nature, 08/09/2019
@*******ossenbd, 20142, $125, Blog & Lifestyle, 08/09/2019
@*******okelle, 82038, $6000, Fashion & Style, 08/09/2019
@******novic, 32338, $250, Blog & Lifestyle, 07/09/2019
@******6pack, 44120, $400, Fitness & Sports, 07/09/2019
@*****6pack, 40850, $350, Fitness & Sports, 07/09/2019
@**********ehilarious, 30950, $340, Pets & Animals, 07/09/2019
@*******forlove, 16855, $230, Pets & Animals, 07/09/2019
@*******yroars, 30886, $497, Travel & Nature, 07/09/2019
@*******models, 12192, $100, Business & Brand, 07/09/2019
@******rtnite, 8826, $224, Gaming & Entertainment, 07/09/2019
@*****detfs, 14680, $120, Gaming & Entertainment, 07/09/2019
@******growth, 22121, $250, Fashion & Style, 07/09/2019
@******bition, 25724, $350, Fashion & Style, 07/09/2019
@*******xposure, 19122, $250, Fashion & Style, 07/09/2019
@******siness, 15004, $220, Fashion & Style, 07/09/2019
@*****leads, 6526, $125, Health & Beauty, 07/09/2019
@********arketing, 5426, $100, City & Country, 07/09/2019
@***********ographylove, 5134, $150, Art & Design, 07/09/2019
@*********onsulting, 7842, $175, Fashion & Style, 07/09/2019
@********omotion, 7891, $175, Fitness & Sports, 07/09/2019
@****shka, 104284, $990, Art & Design, 12/09/2019
@*****s.io, 5824, $499, Educational & QA, 12/09/2019
@*******y_viral, 649575, $30000, Art & Design, 07/09/2019
@******bpan_, 23891, $500, Cars & Bikes, 07/09/2019
@******y.rice, 26138, $1350, Humor & Memes, 07/09/2019
@****s.mt, 13057, $250, Fitness & Sports, 07/09/2019
@****top, 21538, $349, Movies TV & Fanpages, 07/09/2019
@*******roalert, 19283, $304, Movies TV & Fanpages, 07/09/2019
@*****aclub, 65501, $1039, Gaming & Entertainment, 07/09/2019
@*******inline, 15896, $259, Fitness & Sports, 07/09/2019
@********.wonders, 29328, $464, Travel & Nature, 07/09/2019
@*****anger, 26433, $417, Fitness & Sports, 07/09/2019
@********erocity, 25545, $406, Fitness & Sports, 07/09/2019
@********nlifter, 25450, $406, Fitness & Sports, 07/09/2019
@****_cr7, 43697, $850, Fitness & Sports, 07/09/2019
@*****aily, 42463, $450, Gaming & Entertainment, 07/09/2019
@******slayer, 24668, $395, Fitness & Sports, 07/09/2019
@********tivated, 17333, $282, Fitness & Sports, 07/09/2019
@********pressive, 16717, $269, Fitness & Sports, 07/09/2019
@********nphotos, 27637, $439, Fitness & Sports, 07/09/2019
@******teslux, 20244, $327, Gaming & Entertainment, 07/09/2019
@*********orbikes21, 22001, $349, Cars & Bikes, 07/09/2019
@******iation, 52127, $824, Cars & Bikes, 07/09/2019
@***********yfanphotos, 19978, $316, Movies TV & Fanpages, 05/09/2019
@**********hatsdaily, 16799, $270, Movies TV & Fanpages, 05/09/2019
@***********dsomephotos, 21922, $349, Movies TV & Fanpages, 05/09/2019
@**********lovephotos, 22102, $349, Movies TV & Fanpages, 05/09/2019
@******warse, 19892, $315, Art & Design, 05/09/2019
@************lection_2019, 80814, $1100, Health & Beauty, 05/09/2019
@*****next, 72525, $700, Travel & Nature, 12/09/2019
@**********icalgoals, 89544, $800, Travel & Nature, 05/09/2019
@*****etzz_, 14101, $333, Tech & Computers, 05/09/2019
@******icted, 14595, $150, Cars & Bikes, 05/09/2019
@******_girls, 14101, $125, Fitness & Sports, 10/09/2019
@********topgirl, 21143, $150, Fitness & Sports, 05/09/2019
@******ehera0, 171473, $3000, Fashion & Style, 10/09/2019
@*****caela, 13536, $130, Humor & Memes, 10/09/2019
@*********reenshots, 65066, $335, Humor & Memes, 05/09/2019
@******.pets, 40743, $175, Humor & Memes, 05/09/2019
@***********liss_quotes, 5694, $150, Quotes & Text, 12/09/2019
@*****vape, 11094, $150, Blog & Lifestyle, 12/09/2019
@********_maester, 30557, $800, Humor & Memes, 05/09/2019
@******gamiac, 39936, $800, Gaming & Entertainment, 05/09/2019
@*********ngtravels, 26762, $600, Travel & Nature, 05/09/2019
@*****ocker, 19312, $280, Business & Brand, 05/09/2019
@****rwne, 7544, $150, Business & Brand, 05/09/2019
@*******tiktoks, 20626, $400, Humor & Memes, 05/09/2019
@****.exe, 21186, $140, Business & Brand, 05/09/2019
@********_setups, 7977, $200, Gaming & Entertainment, 05/09/2019
@*********_passion, 10343, $100, Fashion & Style, 05/09/2019
@***_i9, 16208, $150, Food & Nutrition, 04/09/2019
@******ocracy, 50575, $1525, Travel & Nature, 04/09/2019
@****.co, 31453, $249, Fitness & Sports, 04/09/2019
@*********ajapti_7, 391774, $2000, Fashion & Style, 04/09/2019
@*******emes18, 19479, $2000, Humor & Memes, 04/09/2019
@******.nuur, 385980, $1500, Business & Brand, 04/09/2019
@******re.god, 21390, $250, Fitness & Sports, 04/09/2019
@*******konohax, 57440, $300, Movies TV & Fanpages, 04/09/2019
@*****odel, 11586, $100, Business & Brand, 04/09/2019
@*********anascita, 31714, $330, Humor & Memes, 04/09/2019
@******ooone, 20222, $100, Fashion & Style, 04/09/2019
@********__rings, 23023, $100, Fashion & Style, 12/09/2019
@*******teking, 10565, $125, Gaming & Entertainment, 04/09/2019
@*********.mirovic, 5063, $2000, Fashion & Style, 04/09/2019
@******_slade, 8019, $556, Gaming & Entertainment, 03/09/2019
@******ladipo, 57793, $900, Blog & Lifestyle, 03/09/2019
@******hennel, 10096, $250, Blog & Lifestyle, 03/09/2019
@*****_thaa, 6171, $100, Health & Beauty, 03/09/2019
@****a_fr, 9371, $125, Health & Beauty, 03/09/2019
@*****a_la, 9106, $100, Health & Beauty, 03/09/2019
@******s_fito, 87479, $800, Fitness & Sports, 02/09/2019
@******egoals, 6278, $100, Fashion & Style, 02/09/2019
@*****toys, 90709, $600, Luxury & Motivation, 12/09/2019
@******atest, 5128, $275, Fashion & Style, 12/09/2019
@******overs_, 17277, $140, Pets & Animals, 02/09/2019
@****s.ir, 1029885, $6000, Gaming & Entertainment, 02/09/2019
@*********proffill, 53327, $300, Blog & Lifestyle, 01/09/2019
@*******ar0101, 12497, $150, Blog & Lifestyle, 01/09/2019
@***hes, 204811, $5000, Humor & Memes, 01/09/2019
@****uia, 192634, $13500, Blog & Lifestyle, 01/09/2019
@*****rawl, 71234, $1050, Gaming & Entertainment, 01/09/2019
@*******hbandit, 49410, $5000, Fashion & Style, 01/09/2019
@*****gang, 23600, $175, Cars & Bikes, 01/09/2019
@*****swild, 15598, $600, Cars & Bikes, 01/09/2019
@********tdiario, 8110, $100, Fashion & Style, 01/09/2019
@*****s_.me, 27102, $270, Fashion & Style, 01/09/2019
@***********our_fanclub, 20750, $175, Movies TV & Fanpages, 01/09/2019
@*******.worlds, 13683, $200, Travel & Nature, 10/09/2019
@**********tinations, 6432, $105, Travel & Nature, 10/09/2019
@*********_addicted, 8635, $145, Travel & Nature, 10/09/2019
@************estinations, 8400, $140, Travel & Nature, 10/09/2019
@**********stinations, 8801, $135, Travel & Nature, 10/09/2019
@***********stinations, 6224, $115, Travel & Nature, 07/09/2019
@*********supercars, 7395, $120, Cars & Bikes, 10/09/2019
@*******global, 5354, $250, Fitness & Sports, 01/09/2019
@****blr, 67199, $500, Blog & Lifestyle, 01/09/2019
@********akhungu, 28269, $240, Blog & Lifestyle, 01/09/2019
@*******ailedit, 6741, $100, Humor & Memes, 01/09/2019
@******n.mp4, 64265, $800, Humor & Memes, 01/09/2019
@********rketing, 10873, $175, Cars & Bikes, 30/08/2019
@*******growth, 9829, $150, Cars & Bikes, 30/08/2019
@**************emotorcycling, 11311, $200, Cars & Bikes, 30/08/2019
@*******ssmgmt, 13679, $200, Cars & Bikes, 30/08/2019
@**********atologists, 9919, $175, Health & Beauty, 30/08/2019
@*******thgram, 6819, $125, City & Country, 30/08/2019
@********sulting, 7541, $150, Health & Beauty, 30/08/2019
@***********estaurants, 8292, $150, City & Country, 30/08/2019
@*****yflu, 14274, $150, Movies TV & Fanpages, 30/08/2019
@*******fficial, 128409, $500, Cars & Bikes, 30/08/2019
@*******ic.club, 6515, $100, Cars & Bikes, 02/09/2019
@********o_club_, 15743, $175, Cars & Bikes, 02/09/2019
@*********_society, 13561, $150, Cars & Bikes, 02/09/2019
@*********official, 15972, $150, Fashion & Style, 30/08/2019
@*******ans_com, 20544, $320, Pets & Animals, 06/09/2019
@******njosh, 17012, $250, Luxury & Motivation, 29/08/2019
@*******nntine, 6887, $125, Fashion & Style, 29/08/2019
@*********esociety_, 33446, $200, Cars & Bikes, 02/09/2019
@*********follows1, 28361, $300, Fitness & Sports, 28/08/2019
@***********_station100, 11642, $165, Blog & Lifestyle, 28/08/2019
@*********llection, 21074, $275, Fashion & Style, 28/08/2019
@******curate, 40960, $1225, Travel & Nature, 04/09/2019
@******ration, 60755, $725, Fashion & Style, 28/08/2019
@*********romotion, 5059, $100, Fitness & Sports, 28/08/2019
@******ermgmt, 5070, $100, Blog & Lifestyle, 28/08/2019
@*********eexposure, 5213, $100, Architecture & Interior, 28/08/2019
@********ntsales, 5081, $100, Food & Nutrition, 28/08/2019
@******rowth, 5042, $100, Food & Nutrition, 28/08/2019
@***********rmarketing, 5014, $100, Tech & Computers, 28/08/2019
@******dining, 5054, $100, Food & Nutrition, 28/08/2019
@******comedy, 255679, $4500, Humor & Memes, 28/08/2019
@****rah, 22863, $101, Fashion & Style, 05/09/2019
@*******oninsta, 26171, $150, Fashion & Style, 12/09/2019
@****ubes, 37233, $1000, Humor & Memes, 04/09/2019
@**********s_rampage, 10155, $225, Cars & Bikes, 28/08/2019
@******hmikey, 9249, $150, Blog & Lifestyle, 28/08/2019
@*****wnia, 10617, $300, Fashion & Style, 12/09/2019
@*********ry.memes, 6215, $122, Humor & Memes, 28/08/2019
@**********ore.after, 1018598, $4000, Fashion & Style, 12/09/2019
@********lrythai, 8211, $110, Business & Brand, 28/08/2019
@********de.women, 506287, $2400, Fashion & Style, 08/09/2019
@*******ndoubii, 57226, $200, Fashion & Style, 28/08/2019
@*******agement, 43136, $550, Fashion & Style, 08/09/2019
@*****oving, 24798, $325, Fashion & Style, 08/09/2019
@********uencers, 14069, $225, Fashion & Style, 08/09/2019
@***********ormarketing, 12486, $175, Food & Nutrition, 27/08/2019
@*******melight, 11652, $150, Fashion & Style, 27/08/2019
@*******motion, 9705, $150, Food & Nutrition, 27/08/2019
@********preneur, 8839, $150, Fashion & Style, 27/08/2019
@*******lermgmt, 7679, $125, Blog & Lifestyle, 27/08/2019
@********terature, 6341, $125, Quotes & Text, 27/08/2019
@******land_, 5552, $175, Fashion & Style, 01/09/2019
@******.bikes, 311305, $6500, Cars & Bikes, 26/08/2019
@*****owasp, 117838, $1250, Tech & Computers, 26/08/2019
@******vache, 208857, $12500, Travel & Nature, 26/08/2019
@********extings, 5684, $210, Quotes & Text, 26/08/2019
@******houts, 69865, $357, Fashion & Style, 26/08/2019
@****ash, 46312, $250, Blog & Lifestyle, 26/08/2019
@*****luent, 30843, $4990, Art & Design, 26/08/2019
@********00.italy, 15419, $200, Fashion & Style, 06/09/2019
@*****ubzy, 5749, $100, Gaming & Entertainment, 26/08/2019
@******rowth, 7616, $125, Blog & Lifestyle, 26/08/2019
@****mgmt, 8284, $150, Pets & Animals, 26/08/2019
@********rketing, 5029, $100, Tech & Computers, 26/08/2019
@****town, 43825, $525, Fashion & Style, 26/08/2019
@******deista, 66541, $750, Fashion & Style, 26/08/2019
@****etsy, 17621, $175, Fashion & Style, 26/08/2019
@******perts, 42365, $525, Fashion & Style, 08/09/2019
@*********reetrade, 54950, $650, Fashion & Style, 08/09/2019
@******overs, 22203, $220, Fashion & Style, 26/08/2019
@******tales, 193784, $2200, Gaming & Entertainment, 26/08/2019
@********s_loverz, 100481, $900, Fashion & Style, 25/08/2019
@******atrol, 67817, $850, Fashion & Style, 25/08/2019
@*****maker, 19651, $225, Fashion & Style, 25/08/2019
@****cafe, 19963, $250, Fashion & Style, 25/08/2019
@*********anagement, 39367, $500, Fashion & Style, 25/08/2019
@*******curate, 45415, $575, Fashion & Style, 25/08/2019
@********.social, 37327, $475, Fashion & Style, 25/08/2019
@***********fastgrowth, 5002, $100, Travel & Nature, 25/08/2019
@********agement, 15871, $200, Fashion & Style, 25/08/2019
@*******e.leads, 10247, $175, Fashion & Style, 25/08/2019
@*********traveller, 102247, $2100, Travel & Nature, 25/08/2019
@*********mania_._, 20151, $150, Fashion & Style, 25/08/2019
@*****tavip, 204107, $1700, Fitness & Sports, 25/08/2019
@********unjab_8, 23798, $165, Fashion & Style, 02/09/2019
@*****a.17, 18893, $110, Fashion & Style, 25/08/2019
@****mgmt, 13145, $180, Food & Nutrition, 22/08/2019
@*****rowth, 53233, $675, Art & Design, 22/08/2019
@******ravelz, 9887, $125, Travel & Nature, 22/08/2019
@******risas, 718006, $16700, Humor & Memes, 22/08/2019
@*******atcheap, 10338, $120, Humor & Memes, 29/08/2019
@*******aze_ltd, 15008, $100, Tech & Computers, 22/08/2019
@*******meszone, 28099, $150, Gaming & Entertainment, 04/09/2019
@*********arthpixs, 13898, $195, Travel & Nature, 22/08/2019
@******ewave, 182042, $3300, Gaming & Entertainment, 22/08/2019
@*****avetv, 160546, $700, Movies TV & Fanpages, 12/09/2019
@*******public, 20287, $250, Fashion & Style, 22/08/2019
@*********tutorial, 77832, $3500, Reviews & Tutorials, 22/08/2019
@**********hionhunter, 27948, $350, Fashion & Style, 22/08/2019
@*****od__, 6986, $700, Humor & Memes, 22/08/2019
@******pers__, 160549, $4000, Movies TV & Fanpages, 22/08/2019
@******gcrew, 29585, $400, Fashion & Style, 22/08/2019
@****hype, 41142, $500, Fashion & Style, 22/08/2019
@******rowth, 54365, $675, Fashion & Style, 22/08/2019
@****mgmt, 60527, $750, Fashion & Style, 22/08/2019
@********tore_ke, 40055, $250, Fashion & Style, 01/09/2019
@*********ousliving, 30782, $2000, Luxury & Motivation, 12/09/2019
@*********me.score, 10818, $100, Gaming & Entertainment, 20/08/2019
@******jawani, 44097, $257, Fashion & Style, 20/08/2019
@********ll_space, 29342, $450, Fitness & Sports, 05/09/2019
@*******vikato, 23971, $260, Blog & Lifestyle, 12/09/2019
@*******stylep, 16725, $260, Fashion & Style, 12/09/2019
@********noanimo, 31441, $1620, Art & Design, 20/08/2019
@**********tinations, 5749, $105, Travel & Nature, 07/09/2019
@*********ravelling, 6614, $100, Travel & Nature, 07/09/2019
@*********s.worlds, 8314, $115, Travel & Nature, 07/09/2019
@*********tination, 7967, $120, Travel & Nature, 28/08/2019
@********_action, 35600, $340, Fitness & Sports, 20/08/2019
@*******avelers, 5520, $100, Travel & Nature, 01/09/2019
@*******.animal, 7438, $100, Pets & Animals, 28/08/2019
@**********ns.bucket, 6171, $100, Travel & Nature, 20/08/2019
@******growth, 61498, $775, Food & Nutrition, 20/08/2019
@****owl, 75100, $930, Fashion & Style, 20/08/2019
@*****ribe, 124737, $1600, Fashion & Style, 20/08/2019
@*******rsnakes, 365104, $4000, Pets & Animals, 20/08/2019
@**ll, 579437, $27000, Fitness & Sports, 19/08/2019
@*****jent, 11339, $100, Blog & Lifestyle, 19/08/2019
@******_reys, 8907, $100, Luxury & Motivation, 19/08/2019
@******lsaa__, 7481, $125, Blog & Lifestyle, 19/08/2019
@*******todayy, 9442, $145, Travel & Nature, 19/08/2019
@****uves, 7635, $100, Art & Design, 19/08/2019
@***********on_potatoes, 10150, $200, Humor & Memes, 19/08/2019
@********hopefans, 101014, $800, Movies TV & Fanpages, 08/09/2019
@*******lloggs, 7513, $225, Humor & Memes, 19/08/2019
@*****.9gag, 5786, $160, Gaming & Entertainment, 19/08/2019
@******__lyfe, 94850, $4997, Travel & Nature, 19/08/2019
@*****proo, 9320, $135, Fashion & Style, 19/08/2019
@*********epremium, 10814, $200, Luxury & Motivation, 19/08/2019
@********llpapers, 5075, $100, Fashion & Style, 19/08/2019
@*****3a._, 788679, $6500, Quotes & Text, 19/08/2019
@*********.beauties, 36522, $300, Health & Beauty, 19/08/2019
@*******_stylz_, 5348, $185, Art & Design, 25/08/2019
@*******ospect, 80757, $800, Fashion & Style, 12/09/2019
@*******exploit, 23141, $125, Gaming & Entertainment, 10/09/2019
@*****snari, 6232, $150, Fashion & Style, 16/08/2019
@******ossic, 51328, $1000, Humor & Memes, 08/09/2019
@*********hrones.tv, 55121, $830, Movies TV & Fanpages, 16/08/2019
@***zn_, 9625, $150, Gaming & Entertainment, 08/09/2019
@*********l_action, 34278, $275, Humor & Memes, 16/08/2019
@******a.a.01, 16148, $250, Health & Beauty, 16/08/2019
@*****rojes, 10856, $125, Humor & Memes, 16/08/2019
@********official, 29717, $200, Pets & Animals, 22/08/2019
@******slime, 12133, $200, Art & Design, 15/08/2019
@********nicsath, 54715, $800, Fitness & Sports, 15/08/2019
@*********rombalkan, 5000, $100, Fitness & Sports, 22/08/2019
@********uttiyara, 17213, $200, Health & Beauty, 15/08/2019
@****ails, 30521, $500, Luxury & Motivation, 15/08/2019
@*******bastard, 210216, $10000, Movies TV & Fanpages, 15/08/2019
@****rk_, 60464, $460, Gaming & Entertainment, 08/09/2019
@********ommunity, 7830, $125, Business & Brand, 15/08/2019
@******edits, 8217, $500, Gaming & Entertainment, 13/08/2019
@********ovement, 20592, $400, Health & Beauty, 13/08/2019
@*****._dz, 51206, $450, Art & Design, 13/08/2019
@*******hiphop, 19119, $275, Reviews & Tutorials, 12/08/2019
@******llook, 8396, $220, Travel & Nature, 12/08/2019
@*******prague, 12978, $249, Travel & Nature, 12/08/2019
@*****vids, 113440, $3000, Humor & Memes, 12/08/2019
@********sescape, 20343, $247, Travel & Nature, 12/08/2019
@****ixio, 14740, $150, Food & Nutrition, 12/08/2019
@*****lips, 9286, $160, Humor & Memes, 12/08/2019
@********eller_8, 6283, $500, Tech & Computers, 11/08/2019
@********avelerz, 15176, $180, Travel & Nature, 25/08/2019
@*****oogha, 13129, $100, Humor & Memes, 11/08/2019
@*********dventures, 10456, $145, Travel & Nature, 28/08/2019
@*******.earth, 7331, $110, Pets & Animals, 07/09/2019
@*********todolist, 65005, $2000, Travel & Nature, 11/08/2019
@********mes6969, 37811, $200, Humor & Memes, 11/08/2019
@*******hionpix, 9699, $125, Fashion & Style, 11/09/2019
@******scout5, 41663, $300, Travel & Nature, 11/08/2019
@*******cout12, 42662, $300, Travel & Nature, 11/08/2019
@*****cious, 13207, $125, Fashion & Style, 11/08/2019
@*******nus.gh, 82000, $350, Pets & Animals, 22/08/2019
@*******icially, 6688, $150, Quotes & Text, 11/08/2019
@****n_jr, 8254, $100, Blog & Lifestyle, 11/08/2019
@******.soch, 10167, $125, Humor & Memes, 11/08/2019
@******_peach, 18643, $198, Fitness & Sports, 11/08/2019
@*********.gorgeous, 46519, $490, Quotes & Text, 22/08/2019
@********te.insta, 6505, $100, Fashion & Style, 11/08/2019
@******apaula, 10039, $135, Health & Beauty, 09/08/2019
@******rtoes, 71303, $1700, Quotes & Text, 09/08/2019
@********st.earth, 16959, $250, Travel & Nature, 01/09/2019
@**********stinations, 14874, $180, Travel & Nature, 01/09/2019
@*********_favorite, 8428, $135, Travel & Nature, 07/09/2019
@***********stinations, 8639, $125, Travel & Nature, 07/09/2019
@*******s_earth, 7850, $110, Travel & Nature, 25/08/2019
@*******lsfans, 5746, $1000, Fitness & Sports, 09/08/2019
@****cout, 31077, $5000, Fitness & Sports, 09/08/2019
@*****_rose, 11015, $300, Movies TV & Fanpages, 09/08/2019
@********routine, 15509, $170, Health & Beauty, 16/08/2019
@*******arling, 42419, $5000, Movies TV & Fanpages, 08/08/2019
@*****rals, 6104, $100, Blog & Lifestyle, 08/08/2019
@********nmotion, 13522, $150, Fitness & Sports, 08/08/2019
@********tactics, 27914, $800, Food & Nutrition, 08/08/2019
@****2049, 179627, $4250, Art & Design, 08/08/2019
@**********pirationz, 16552, $250, Fitness & Sports, 12/09/2019
@*******r.tops, 13159, $125, Gaming & Entertainment, 08/08/2019
@*********e_19.visi, 16667, $300, Business & Brand, 08/08/2019
@****all, 648540, $20000, Fashion & Style, 08/08/2019
@*********ordquotes, 116816, $5000, Quotes & Text, 07/08/2019
@**************ailableeror404, 116807, $2500, Gaming & Entertainment, 07/08/2019
@******es_dz1, 21624, $230, Fashion & Style, 07/08/2019
@*****iimmy, 10489, $100, Blog & Lifestyle, 07/08/2019
@******ts_19, 10713, $100, Pets & Animals, 07/08/2019
@*********hypercars, 149693, $2500, Cars & Bikes, 07/08/2019
@******linay, 17487, $230, Travel & Nature, 12/09/2019
@******centre, 9182, $130, Health & Beauty, 12/09/2019
@*******souilh, 9080, $140, Blog & Lifestyle, 07/08/2019
@*****ertu, 5097, $150, Gaming & Entertainment, 07/08/2019
@********_sneaker, 5946, $100, Fashion & Style, 07/08/2019
@**********d.official, 16955, $200, Gaming & Entertainment, 07/08/2019
@*********diamondd, 97012, $800, Fashion & Style, 08/09/2019
@*******ig.hts, 5118, $150, Travel & Nature, 07/08/2019
@*******r_cats, 9015, $110, Pets & Animals, 01/09/2019
@********traveler, 5306, $100, Travel & Nature, 28/08/2019
@*******innest, 32146, $100, Fashion & Style, 07/08/2019
@********hnology, 84034, $350, Tech & Computers, 05/08/2019
@****ayla, 6115, $175, Blog & Lifestyle, 05/08/2019
@*******facts_, 19115, $225, Educational & QA, 04/08/2019
@*********punjabiz, 36656, $300, Gaming & Entertainment, 04/08/2019
@****vie, 10641, $100, Fashion & Style, 04/08/2019
@*******tips__, 23953, $399, Educational & QA, 15/08/2019
@*********oaddicts, 92799, $1500, Cars & Bikes, 04/08/2019
@*******ljokes, 28396, $450, Fitness & Sports, 04/08/2019
@********g.earth, 10511, $160, Travel & Nature, 04/08/2019
@*********on.trendz, 47980, $650, Fashion & Style, 07/09/2019
@*******reaming, 35644, $365, Educational & QA, 04/08/2019
@******_babyy, 14272, $120, Blog & Lifestyle, 04/08/2019
@*****nite, 30684, $800, Gaming & Entertainment, 04/08/2019
@******_tooo, 11770, $150, Movies TV & Fanpages, 04/08/2019
@*********uebrada_, 12500, $150, Blog & Lifestyle, 04/08/2019
@******planet, 58507, $500, Travel & Nature, 04/08/2019
@****bicc, 575535, $11111, Health & Beauty, 02/08/2019
@******stttt, 8181, $125, Gaming & Entertainment, 02/08/2019
@*****_trip, 8504, $749, Blog & Lifestyle, 12/08/2019
@********.comedy, 104162, $2000, Humor & Memes, 01/08/2019
@*******isfits, 29919, $520, Blog & Lifestyle, 01/08/2019
@******zvlogs, 13586, $250, Fashion & Style, 01/08/2019
@*****iravy, 72818, $330, Quotes & Text, 01/08/2019
@*****hotel, 10319, $155, Pets & Animals, 01/08/2019
@*****0nicz, 68107, $1000, Fashion & Style, 01/08/2019
@******sfying, 6005, $100, Art & Design, 01/08/2019
@*****nge.l, 25499, $545, Humor & Memes, 31/07/2019
@******ien51, 5000, $150, Gaming & Entertainment, 04/08/2019
@*****avlr, 10032, $225, Travel & Nature, 09/08/2019
@****shop, 24039, $325, Cars & Bikes, 09/08/2019
@******anal._, 34767, $125, Fitness & Sports, 12/09/2019
@****suua, 8164, $100, Blog & Lifestyle, 31/07/2019
@*********abianchi, 10084, $100, Fashion & Style, 31/07/2019
@******wrldz, 13592, $100, Luxury & Motivation, 31/07/2019
@*******rspage, 44699, $900, Cars & Bikes, 31/07/2019
@******4cars, 28854, $370, Cars & Bikes, 31/07/2019
@**********oreveryone, 8005, $200, Fashion & Style, 31/07/2019
@********ndiniz1, 10863, $250, Fashion & Style, 31/07/2019
@*******ndpower, 118309, $1000, Fitness & Sports, 31/07/2019
@*******wolves, 439142, $7000, Fitness & Sports, 31/07/2019
@*******simran, 113950, $400, Fashion & Style, 31/07/2019
@*******londes, 13818, $130, Luxury & Motivation, 31/07/2019
@********oficial, 190890, $2899, Fitness & Sports, 31/07/2019
@*****eusna, 5273, $100, Fashion & Style, 09/08/2019
@****ziza, 111003, $750, Blog & Lifestyle, 30/07/2019
@******_insta, 18574, $900, City & Country, 30/07/2019
@********.love.it, 6884, $115, Pets & Animals, 30/07/2019
@******ybalr, 107805, $4000, Fashion & Style, 30/07/2019
@*********_porsche, 28076, $999, Cars & Bikes, 30/07/2019
@*********_mercedes, 26901, $999, Cars & Bikes, 30/07/2019
@*********_hypercar, 78584, $1999, Cars & Bikes, 30/07/2019
@*********_mclaren, 86576, $1999, Cars & Bikes, 30/07/2019
@*********_ferrari, 66651, $1999, Cars & Bikes, 30/07/2019
@***********amborghini, 83048, $1999, Cars & Bikes, 30/07/2019
@****ood, 10779, $100, Humor & Memes, 30/07/2019
@******ign.s, 7238, $450, Gaming & Entertainment, 29/08/2019
@***********onaire.club, 12547, $250, Cars & Bikes, 29/07/2019
@******_nabh, 11587, $100, Quotes & Text, 05/08/2019
@*****ossic, 7291, $200, Gaming & Entertainment, 08/09/2019
@******nziee, 318187, $3000, Blog & Lifestyle, 29/07/2019
@******allery, 317939, $6000, Art & Design, 29/07/2019
@****ayan, 14916, $200, Fashion & Style, 29/07/2019
@*******.dobre, 10000, $100, Movies TV & Fanpages, 29/07/2019
@****_zzz, 17512, $100, Quotes & Text, 29/07/2019
@*********anfanclub, 15251, $100, Movies TV & Fanpages, 29/07/2019
@******_toooo, 11796, $100, Fashion & Style, 29/07/2019
@********ra_timao, 8710, $100, Movies TV & Fanpages, 29/07/2019
@*****reams, 39309, $400, Food & Nutrition, 27/07/2019
@*****ivent, 122032, $500, Luxury & Motivation, 04/08/2019
@******y_car, 64295, $1999, Cars & Bikes, 27/07/2019
@*****bhamo, 29487, $200, Humor & Memes, 27/07/2019
@********_chicks, 9644, $120, Health & Beauty, 27/07/2019
@********ardane_, 22522, $100, Fashion & Style, 27/07/2019
@********irations, 7916, $100, Quotes & Text, 27/07/2019
@****als, 16240, $3500, Humor & Memes, 27/07/2019
@******ender, 36941, $4000, Humor & Memes, 27/07/2019
@*****rawpp, 100266, $8000, Humor & Memes, 27/07/2019
@*****tmen, 147338, $1200, Fitness & Sports, 27/07/2019
@*****base, 129192, $1050, Fitness & Sports, 27/07/2019
@***********tnessgirls, 224841, $1500, Fitness & Sports, 26/07/2019
@**********legekatta, 11712, $150, Humor & Memes, 26/07/2019
@*******lmentor, 24269, $400, Business & Brand, 26/07/2019
@********amsfam_, 28498, $4000, Fitness & Sports, 26/07/2019
@*********.latinas_, 31224, $170, Fitness & Sports, 26/07/2019
@****sson, 94218, $1500, Fashion & Style, 26/07/2019
@******shots_, 27309, $150, Fitness & Sports, 26/07/2019
@**********n.mentors, 49645, $997, Quotes & Text, 26/07/2019
@******lein23, 20517, $180, Travel & Nature, 26/07/2019
@********endar.1, 48219, $400, Fitness & Sports, 04/08/2019
@********reelife, 22312, $100, Travel & Nature, 26/07/2019
@******krasta, 69989, $300, Blog & Lifestyle, 26/07/2019
@*******mar_fc, 90812, $1000, Movies TV & Fanpages, 26/07/2019
@******_carsx, 6342, $285, Cars & Bikes, 26/07/2019
@********puppers, 12228, $200, Pets & Animals, 26/07/2019
@*******unis.x, 83128, $1500, Movies TV & Fanpages, 26/07/2019
@********liberty, 10574, $205, Movies TV & Fanpages, 01/08/2019
@*******sophia, 23390, $1500, Fitness & Sports, 26/07/2019
@*******forlove, 14291, $230, Pets & Animals, 07/09/2019
@********forlove, 23946, $320, Pets & Animals, 07/09/2019
@********s.scencs, 7866, $100, Movies TV & Fanpages, 26/07/2019
@******lution, 9661, $100, Pets & Animals, 26/07/2019
@******laymat, 16984, $100, Blog & Lifestyle, 26/07/2019
@**********wonderfull, 8052, $100, Travel & Nature, 26/07/2019
@******.gram, 6546, $100, Business & Brand, 23/07/2019
@*****es.dz, 109927, $500, Fashion & Style, 23/07/2019
@*********leymani2, 6688, $100, Travel & Nature, 01/08/2019
@********adeira_, 5425, $125, Health & Beauty, 23/07/2019
@************ersbandanas, 11825, $100, Pets & Animals, 23/07/2019
@*********losamente, 5893, $200, Humor & Memes, 23/07/2019
@****a.i, 21685, $200, Humor & Memes, 22/07/2019
@********.qvotes, 22204, $140, Humor & Memes, 22/07/2019
@*******nnyvids, 19548, $444, Blog & Lifestyle, 22/07/2019
@*********yletisch, 16016, $444, Fashion & Style, 22/07/2019
@********assteam, 10469, $220, Business & Brand, 22/07/2019
@*****ooty, 35815, $1200, Fitness & Sports, 22/07/2019
@******olsen, 6268, $100, Blog & Lifestyle, 26/07/2019
@*******ydaily, 167337, $2999, Humor & Memes, 22/07/2019
@*********world.hd, 10933, $230, Travel & Nature, 22/07/2019
@*******thalie, 17294, $100, Fashion & Style, 26/07/2019
@**********acheva___, 18732, $100, Health & Beauty, 26/07/2019
@******anelyk, 13264, $100, Fashion & Style, 26/07/2019
@*******nybruv, 23789, $300, Humor & Memes, 01/08/2019
@*******world_0, 5164, $100, Humor & Memes, 22/07/2019
@*******vegeta, 7280, $100, Humor & Memes, 22/07/2019
@*******febest, 9965, $100, Humor & Memes, 22/07/2019
@*******tronomy, 123213, $700, Travel & Nature, 26/07/2019
@****vol8, 7322, $100, Blog & Lifestyle, 22/07/2019
@****sace, 9154, $250, Fashion & Style, 22/07/2019
@*********g_lovers, 50273, $600, Pets & Animals, 22/07/2019
@*******x.life, 9033, $100, Luxury & Motivation, 22/07/2019
@******videoz, 10099, $275, Humor & Memes, 22/07/2019
@********c.makeup, 7050, $150, Health & Beauty, 22/07/2019
@*******errari, 24208, $390, Cars & Bikes, 22/07/2019
@******esales, 101379, $450, Blog & Lifestyle, 22/07/2019
@*****inchi, 30285, $225, Humor & Memes, 19/07/2019
@******inmee, 8510, $100, Luxury & Motivation, 19/07/2019
@****m___, 20566, $150, Luxury & Motivation, 02/09/2019
@*******hefitt, 20099, $770, Fitness & Sports, 19/07/2019
@******times, 8219, $1100, Fitness & Sports, 19/07/2019
@*******on1110, 9339, $100, Fashion & Style, 18/07/2019
@********_france, 7128, $100, Humor & Memes, 01/08/2019
@*******eblogss, 10420, $100, Fashion & Style, 01/08/2019
@******galore, 10178, $120, Travel & Nature, 01/08/2019
@******igais, 9462, $110, Humor & Memes, 17/07/2019
@***mz, 11582, $11000, Humor & Memes, 17/07/2019
@*****pper, 7011, $100, Food & Nutrition, 01/08/2019
@********warriors, 10850, $125, Fitness & Sports, 16/07/2019
@*******ssbody, 154858, $2500, Health & Beauty, 16/07/2019
@******egram, 146277, $3500, Art & Design, 16/07/2019
@********legance, 14557, $160, Travel & Nature, 01/08/2019
@******ouafa, 15216, $200, Health & Beauty, 15/07/2019
@*******ciemir, 21849, $100, Blog & Lifestyle, 15/07/2019
@******elboy, 39078, $250, Movies TV & Fanpages, 15/07/2019
@*******yg0als, 145852, $1699, Fashion & Style, 15/07/2019
@******nsfeel, 92600, $999, Fashion & Style, 15/07/2019
@******kissez, 51414, $499, Fashion & Style, 15/07/2019
@******niesta, 348642, $4599, Fashion & Style, 15/07/2019
@*****niite, 83049, $1500, Gaming & Entertainment, 15/07/2019
@******backkf, 1750541, $8000, Blog & Lifestyle, 01/08/2019
@*******islove, 18044, $350, Gaming & Entertainment, 15/07/2019
@******ngels, 131541, $450, Fashion & Style, 15/07/2019
@**********enboyokay, 11157, $100, Gaming & Entertainment, 15/07/2019
@*******imdias, 48574, $750, Blog & Lifestyle, 15/07/2019
@****y.__, 58159, $670, Fashion & Style, 15/07/2019
@******modi5, 15092, $100, Blog & Lifestyle, 15/07/2019
@********deville, 280542, $11500, Blog & Lifestyle, 15/07/2019
@****eef, 27519, $300, Blog & Lifestyle, 15/07/2019
@********le_genie, 10128, $100, Fashion & Style, 11/07/2019
@**********radise___, 49717, $500, Fitness & Sports, 11/07/2019
@******pandas, 88012, $1100, Food & Nutrition, 11/07/2019
@**********nsthejoke, 32387, $20000, Humor & Memes, 11/07/2019
@********tra.sad, 76354, $690, Humor & Memes, 10/07/2019
@******sokmx, 41456, $420, Quotes & Text, 10/07/2019
@*******aasi.in, 210092, $800, Blog & Lifestyle, 10/07/2019
@****.dh, 8771, $200, Pets & Animals, 10/07/2019
@********d___ddd, 9688, $110, Travel & Nature, 20/08/2019
@*******rous_18, 9511, $150, Fitness & Sports, 10/07/2019
@******uence, 122111, $500, Travel & Nature, 09/07/2019
@******lart_, 285688, $15000, Art & Design, 09/07/2019
@*****eezy, 8362, $150, Art & Design, 09/07/2019
@*******girltwo, 20217, $100, Movies TV & Fanpages, 09/07/2019
@*****yaran, 27127, $150, Movies TV & Fanpages, 09/07/2019
@*******andbts, 21038, $100, Movies TV & Fanpages, 09/07/2019
@*****chuxe, 18920, $100, Movies TV & Fanpages, 09/07/2019
@*****key.1, 16087, $200, Blog & Lifestyle, 09/07/2019
@******stler, 50427, $600, Humor & Memes, 09/07/2019
@******ngels, 7904, $100, Fashion & Style, 09/07/2019
@*******andeer, 82146, $2000, Humor & Memes, 09/07/2019
@*******andeers, 26609, $1000, Humor & Memes, 09/07/2019
@*********lebrity0, 66734, $1500, Movies TV & Fanpages, 09/07/2019
@******_memos, 199676, $4000, Humor & Memes, 09/07/2019
@*****cals2, 20562, $150, Humor & Memes, 09/07/2019
@*******sfeverr, 18125, $500, Fashion & Style, 09/07/2019
@*******aqjbeli, 28238, $200, Fashion & Style, 08/07/2019
@****ave, 19745, $150, Fitness & Sports, 08/07/2019
@********world.11, 8117, $100, Fitness & Sports, 08/07/2019
@***********_digitalll, 56487, $200, Business & Brand, 08/07/2019
@*******eas_ig, 76102, $2000, Fashion & Style, 08/07/2019
@********thefade, 39218, $1750, Health & Beauty, 08/07/2019
@******utmae, 24142, $150, Blog & Lifestyle, 08/07/2019
@******sworld, 30396, $700, Fitness & Sports, 08/07/2019
@*****socio, 48130, $750, Luxury & Motivation, 07/09/2019
@*********__people, 12594, $330, Travel & Nature, 08/07/2019
@*****maly_, 10204, $500, Travel & Nature, 08/07/2019
@*****oooo, 5639, $150, Pets & Animals, 08/07/2019
@*****itoo, 235469, $950, Fashion & Style, 08/07/2019
@******dwish, 10401, $1000, Health & Beauty, 08/07/2019
@***********es.verified, 29895, $670, Movies TV & Fanpages, 08/07/2019
@**********and.posie, 9598, $100, Blog & Lifestyle, 08/07/2019
@*******ichland, 945873, $15000, Travel & Nature, 02/09/2019
@****slom, 10094, $125, Blog & Lifestyle, 08/07/2019
@****904_, 33172, $300, Blog & Lifestyle, 08/07/2019
@*******lovers, 146526, $2500, Fitness & Sports, 05/07/2019
@******uined, 24483, $800, Humor & Memes, 05/07/2019
@******ss420, 8581, $100, Humor & Memes, 05/07/2019
@********ess.barz, 6767, $100, Business & Brand, 05/07/2019
@*******wordlz, 5001, $100, Humor & Memes, 05/07/2019
@*****an92, 220944, $4000, Fashion & Style, 05/07/2019
@********an.page, 12144, $225, Pets & Animals, 05/07/2019
@*******legance, 7169, $100, Travel & Nature, 01/08/2019
@*******ocenter, 19140, $520, Cars & Bikes, 05/07/2019
@******r_eva, 68629, $300, Fashion & Style, 11/09/2019
@******etism, 11389, $250, Art & Design, 05/07/2019
@******pirit, 23110, $250, Cars & Bikes, 03/07/2019
@**********liaromagna, 9523, $125, Travel & Nature, 03/07/2019
@***********passionate, 16393, $200, Food & Nutrition, 03/07/2019
@*****tech, 285615, $20000, Tech & Computers, 03/07/2019
@******rrect, 407393, $10000, Art & Design, 03/07/2019
@******world, 226260, $10000, Travel & Nature, 03/07/2019
@*****ocket, 152199, $5000, Tech & Computers, 03/07/2019
@*****ssova, 12851, $120, Fitness & Sports, 02/07/2019
@*****tbuzz, 38514, $1600, Movies TV & Fanpages, 02/07/2019
@********rasoli69, 5920, $100, Food & Nutrition, 02/07/2019
@*****omps, 17980, $197, Reviews & Tutorials, 01/08/2019
@******inford, 21180, $480, Blog & Lifestyle, 01/08/2019
@*****peace, 29528, $550, Humor & Memes, 02/07/2019
@*******ndia034, 45910, $500, Fashion & Style, 02/07/2019
@*****_t_s, 14735, $230, Luxury & Motivation, 01/08/2019
@*******ionaire, 6522, $100, Luxury & Motivation, 02/07/2019
@****ite, 7274, $278, Gaming & Entertainment, 04/09/2019
@******avicc, 5199, $100, Blog & Lifestyle, 05/08/2019
@***ny, 9453, $100, Fashion & Style, 01/07/2019
@*********ful_mind, 5094, $100, Art & Design, 01/07/2019
@******rones, 10178, $200, Pets & Animals, 30/06/2019
@*********_clipsig, 7390, $200, Humor & Memes, 30/06/2019
@**********community, 64722, $1500, Fitness & Sports, 30/06/2019
@******style, 22180, $225, Luxury & Motivation, 30/06/2019
@******y.exe, 43371, $350, Humor & Memes, 30/06/2019
@*********ivations, 60399, $550, Luxury & Motivation, 30/06/2019
@*****ani1, 97078, $650, Blog & Lifestyle, 28/06/2019
@******actose, 128859, $3000, Luxury & Motivation, 01/08/2019
@********ds.daily, 9340, $170, Gaming & Entertainment, 01/08/2019
@****plug, 5784, $100, Luxury & Motivation, 28/06/2019
@*****idsig, 118953, $1700, Humor & Memes, 01/08/2019
@******unity, 200411, $2250, Humor & Memes, 01/08/2019
@*********ftheworld, 5432, $2000, Travel & Nature, 28/06/2019
@******skill, 197331, $700, Art & Design, 28/06/2019
@****oy__, 8898, $400, Quotes & Text, 28/06/2019
@******syxho, 6608, $300, Quotes & Text, 28/06/2019
@*******ession, 55525, $778, Cars & Bikes, 28/06/2019
@********els.page, 200938, $5600, Health & Beauty, 26/06/2019
@***********elexplorer, 5023, $700, Travel & Nature, 26/06/2019
@****avit, 7985, $2000, Luxury & Motivation, 26/06/2019
@***********nspiration, 30313, $900, Art & Design, 26/06/2019
@********ivenews, 14783, $100, Fitness & Sports, 26/06/2019
@*****ates, 11841, $1000, Business & Brand, 26/06/2019
@*******greeusa, 71076, $1500, Fitness & Sports, 26/06/2019
@******spro_, 21959, $180, Travel & Nature, 12/09/2019
@******nhava, 18688, $200, Gaming & Entertainment, 25/06/2019
@*****pixie, 11936, $200, Blog & Lifestyle, 25/06/2019
@*******.gram1, 166728, $1500, Fashion & Style, 25/06/2019
@****.ess, 25228, $400, Gaming & Entertainment, 25/06/2019
@********anetmap, 36047, $330, Travel & Nature, 25/06/2019
@***am, 75711, $500, Quotes & Text, 25/06/2019
@****feed, 7602, $100, Fitness & Sports, 25/06/2019
@*******fashi0n, 18375, $120, Fashion & Style, 07/08/2019
@*******_family, 193660, $5000, Movies TV & Fanpages, 25/06/2019
@********ngirlss_, 5738, $100, Fashion & Style, 01/08/2019
@******irbnb, 17040, $100, Architecture & Interior, 23/06/2019
@******a0137, 18761, $199, Fashion & Style, 23/06/2019
@******fmetal, 30020, $999, Humor & Memes, 23/06/2019
@*****iggas, 6126, $150, Humor & Memes, 22/06/2019
@******tfits, 8974, $889, Fashion & Style, 22/06/2019
@******vidos, 40956, $225, Cars & Bikes, 01/08/2019
@*********es.daily, 5319, $100, Health & Beauty, 22/06/2019
@********ls_____, 106849, $1100, Fashion & Style, 22/06/2019
@*******ties.tv, 95367, $800, Fashion & Style, 21/06/2019
@********bydesign, 13879, $240, Luxury & Motivation, 20/06/2019
@*********mesquare, 21298, $130, Humor & Memes, 20/06/2019
@********elpme_2, 50364, $150, Business & Brand, 20/06/2019
@*******ez100x2, 218618, $500, Fashion & Style, 20/06/2019
@******niala, 34516, $300, Fashion & Style, 11/09/2019
@****koo, 30163, $200, Blog & Lifestyle, 20/06/2019
@***********aleforsale, 23682, $350, Travel & Nature, 20/06/2019
@****ind, 17714, $175, Art & Design, 19/06/2019
@******motion, 68016, $600, Pets & Animals, 19/06/2019
@*****y4tv, 160260, $799, Fashion & Style, 08/07/2019
@*****ibes1, 50811, $400, Fashion & Style, 11/09/2019
@******sypher, 11976, $150, Blog & Lifestyle, 19/06/2019
@*****opara, 16127, $175, Pets & Animals, 19/06/2019
@********.albania, 27992, $556, Movies TV & Fanpages, 19/06/2019
@******rcarrs, 30123, $600, Cars & Bikes, 19/06/2019
@*******careguy, 145277, $1700, Fashion & Style, 19/06/2019
@******ulut16, 13424, $101, Architecture & Interior, 19/06/2019
@********mescafe, 46970, $450, Art & Design, 19/06/2019
@********.africa, 26903, $850, Fashion & Style, 19/06/2019
@********world_hd, 12347, $125, Travel & Nature, 18/06/2019
@*********911_store, 8753, $125, Fitness & Sports, 18/06/2019
@**********.skincare, 9201, $160, Health & Beauty, 01/08/2019
@***********bathandbody, 13529, $230, Health & Beauty, 01/08/2019
@*********i.fitness, 18236, $280, Fitness & Sports, 01/08/2019
@*********i.makeup, 26107, $475, Health & Beauty, 01/08/2019
@********aveller, 17284, $280, Travel & Nature, 01/08/2019
@****ota_, 7736, $150, Travel & Nature, 18/06/2019
@*****ife7k, 74962, $1000, Fashion & Style, 18/06/2019
@****hes, 19402, $200, Fashion & Style, 10/09/2019
@******ation, 101666, $800, Fashion & Style, 10/09/2019
@******dog01, 14203, $100, Pets & Animals, 18/06/2019
@*****buds, 45560, $1400, Fitness & Sports, 18/06/2019
@********na_dz_2, 136438, $950, Humor & Memes, 22/06/2019
@*******bitions, 31437, $220, Luxury & Motivation, 08/07/2019
@*********ifestyle, 22007, $160, Luxury & Motivation, 16/06/2019
@****dot, 24841, $160, Luxury & Motivation, 16/06/2019
@******ilecom, 18199, $200, Tech & Computers, 16/06/2019
@****r00, 12726, $125, Art & Design, 16/06/2019
@*******zahtime, 244436, $3000, Humor & Memes, 16/06/2019
@***********heavocados, 35988, $170, Travel & Nature, 08/07/2019
@********heplanet, 78722, $350, Travel & Nature, 16/06/2019
@*******tings__, 17900, $320, Quotes & Text, 16/06/2019
@********ports04, 13772, $100, Fitness & Sports, 16/06/2019
@***********llengerslol, 47193, $1200, Gaming & Entertainment, 16/06/2019
@******rdall, 5824, $100, Art & Design, 16/06/2019
@*********one.xsmax, 6963, $100, Tech & Computers, 13/06/2019
@*****rmany, 170872, $1900, Travel & Nature, 20/06/2019
@******days1, 11058, $109, Pets & Animals, 13/06/2019
@*****nippy, 12306, $100, Fashion & Style, 13/06/2019
@******.shows, 48572, $1100, Fashion & Style, 13/06/2019
@****lone, 29220, $375, Movies TV & Fanpages, 13/06/2019
@*******htravel, 11076, $190, Travel & Nature, 13/06/2019
@**********orld_1111, 59543, $650, Travel & Nature, 13/06/2019
@****g.s, 13292, $175, Pets & Animals, 13/06/2019
@*******ssnain, 38651, $600, Fashion & Style, 13/06/2019
@******itgram, 130631, $600, Fitness & Sports, 13/06/2019
@****36o, 81921, $700, Cars & Bikes, 13/06/2019
@********ports05, 14549, $100, Fitness & Sports, 13/06/2019
@********rsson20, 19007, $100, Fashion & Style, 10/06/2019
@*******sworld, 20303, $500, Fashion & Style, 10/06/2019
@*****ynatx, 7714, $100, Travel & Nature, 10/06/2019
@********european, 286455, $1100, Fashion & Style, 28/08/2019
@***********fficial_fc, 288898, $800, Fashion & Style, 12/09/2019
@*********sfitness, 6117, $100, Fitness & Sports, 10/06/2019
@*******als_mag, 12037, $120, Luxury & Motivation, 10/06/2019
@*********gotquotes, 66665, $4000, Movies TV & Fanpages, 10/06/2019
@*******parkles, 10470, $125, Gaming & Entertainment, 10/06/2019
@*******dworld, 10671, $125, Pets & Animals, 10/06/2019
@*******e_set__, 162825, $1500, Movies TV & Fanpages, 20/06/2019
@*******diary06, 10698, $150, Travel & Nature, 10/06/2019
@*****lovrs, 12871, $100, Humor & Memes, 10/06/2019
@********rendtab, 405225, $8000, Fashion & Style, 10/06/2019
@*******ry.cat, 28361, $284, Pets & Animals, 10/06/2019
@********ics.guy, 135786, $1400, Educational & QA, 07/06/2019
@******xacto, 232691, $1900, Humor & Memes, 07/06/2019
@**************ndcenterfolds, 16364, $500, Fashion & Style, 07/06/2019
@*****tonio, 120001, $1000, Blog & Lifestyle, 07/06/2019
@***********ional.king, 150075, $1880, Luxury & Motivation, 07/06/2019
@***********an.quotess, 108146, $1680, Luxury & Motivation, 06/06/2019
@******pedia, 160545, $1880, Educational & QA, 06/06/2019
@******room1, 6595, $100, Fitness & Sports, 06/06/2019
@****gent, 82770, $1200, Pets & Animals, 06/06/2019
@**********el.nature, 83117, $2200, Travel & Nature, 06/06/2019
@*******obepic, 82307, $2000, Travel & Nature, 06/06/2019
@******a.m.o, 11131, $150, Architecture & Interior, 06/06/2019
@****osta, 48570, $800, Cars & Bikes, 06/06/2019
@*****jon85, 13483, $100, Fashion & Style, 06/06/2019
@*********_passion_, 10223, $300, Art & Design, 05/06/2019
@******zybaba, 18909, $350, Fashion & Style, 05/06/2019
@*****zzy_, 115765, $2230, Fashion & Style, 05/06/2019
@****tsy, 19567, $150, Humor & Memes, 05/06/2019
@****9e_, 9713, $100, Blog & Lifestyle, 05/06/2019
@********official, 121403, $1000, Blog & Lifestyle, 05/06/2019
@***boy, 1740189, $1950000, Gaming & Entertainment, 05/06/2019
@********ntality, 36247, $500, Quotes & Text, 05/06/2019
@*******otblll, 22056, $550, Fitness & Sports, 05/06/2019
@********_with_u, 5053, $100, Blog & Lifestyle, 05/06/2019
@*********zionbrows, 11100, $100, Health & Beauty, 05/06/2019
@******nsane, 11597, $125, Luxury & Motivation, 04/06/2019
@********stravelz, 18452, $110, Travel & Nature, 04/06/2019
@********_journey, 29395, $125, Travel & Nature, 04/06/2019
@*****hhh_, 13166, $125, Blog & Lifestyle, 04/06/2019
@*********roriginal, 6994, $100, Reviews & Tutorials, 04/06/2019
@*****odel, 75487, $600, Fashion & Style, 19/08/2019
@*******rahim_, 22316, $100, Blog & Lifestyle, 02/06/2019
@******e.tips, 10072, $110, Quotes & Text, 02/06/2019
@***tly, 97385, $2500, Luxury & Motivation, 01/08/2019
@***gyz, 11357, $100, Humor & Memes, 02/06/2019
@******nzgeek, 98630, $1500, Fashion & Style, 02/06/2019
@****4dz, 104092, $1400, Blog & Lifestyle, 01/06/2019
@*****aasii, 126812, $650, Movies TV & Fanpages, 01/06/2019
@****n3w, 13724, $100, Fashion & Style, 01/06/2019
@*********anfansss, 5367, $100, Fashion & Style, 01/06/2019
@*****pmall, 6439, $100, Business & Brand, 01/06/2019
@*********dark1001, 5260, $100, Art & Design, 01/06/2019
@********laces.hd, 29725, $750, Travel & Nature, 20/06/2019
@********orld.hd, 168475, $5000, Travel & Nature, 20/06/2019
@**********s.addicted, 11635, $145, Fitness & Sports, 01/06/2019
@***av, 17333, $150, Fashion & Style, 01/06/2019
@*****irdom, 10258, $135, Health & Beauty, 30/05/2019
@******ign5d, 90462, $300, Blog & Lifestyle, 30/05/2019
@******iposet, 185823, $500, Humor & Memes, 30/05/2019
@*****.den, 11739, $100, Luxury & Motivation, 30/05/2019
@****ax_, 26679, $100, Fashion & Style, 30/05/2019
@******nycsd, 85345, $400, Movies TV & Fanpages, 30/05/2019
@****wiaa, 5424, $100, Humor & Memes, 30/05/2019
@*****elux, 17537, $125, Blog & Lifestyle, 30/05/2019
@********e_os.tv, 31333, $100, Humor & Memes, 30/05/2019
@*****aa_96, 10459, $135, Fashion & Style, 29/05/2019
@****e10k, 10719, $110, Humor & Memes, 29/05/2019
@******bai.se, 58567, $500, Luxury & Motivation, 29/05/2019
@*******ysaleem, 11199, $150, Cars & Bikes, 27/05/2019
@****.pix, 10253, $125, Pets & Animals, 27/05/2019
@****1s7, 23337, $100, Business & Brand, 27/05/2019
@*****ideoz, 22293, $120, Blog & Lifestyle, 27/05/2019
@*******are.75, 218974, $379, Blog & Lifestyle, 27/05/2019
@*******otties, 14823, $150, Fashion & Style, 27/05/2019
@********lopez123, 17245, $160, Fitness & Sports, 01/06/2019
@*******rosman1, 15193, $140, Fitness & Sports, 01/06/2019
@*******ardi12, 20408, $175, Fitness & Sports, 01/06/2019
@******xuries, 330617, $10000, Food & Nutrition, 27/05/2019
@********.lovers, 11095, $250, Pets & Animals, 27/05/2019
@**********t_official, 18360, $240, Travel & Nature, 27/05/2019
@********riminal, 35808, $1700, Quotes & Text, 27/05/2019
@*******t.today, 22714, $600, Pets & Animals, 27/05/2019
@**********inedmemes, 11128, $100, Humor & Memes, 27/05/2019
@********egolden, 89907, $800, Architecture & Interior, 27/05/2019
@****art, 13372, $400, Art & Design, 22/08/2019
@*****onies, 26752, $230, Movies TV & Fanpages, 24/05/2019
@*****divas, 297618, $915, Fashion & Style, 24/05/2019
@*****5999, 5160, $100, Fashion & Style, 24/05/2019
@********tness.go, 9664, $100, Fitness & Sports, 24/05/2019
@*****zjoke, 14575, $300, Humor & Memes, 30/05/2019
@*******babezz, 470765, $7000, Fashion & Style, 24/05/2019
@*****blike, 11425, $400, Humor & Memes, 24/05/2019
@*******oaching, 15181, $100, Fitness & Sports, 24/05/2019
@*******imtted, 325977, $4000, Humor & Memes, 20/05/2019
@******dead_, 161887, $2400, Gaming & Entertainment, 20/05/2019
@********owbabes, 273266, $4000, Fashion & Style, 19/05/2019
@******atisfy, 38543, $150, Blog & Lifestyle, 19/05/2019
@*******fficial, 157646, $1200, Fashion & Style, 22/08/2019
@******ll1987, 12574, $100, Blog & Lifestyle, 19/08/2019
@***t3, 6941, $100, Travel & Nature, 18/05/2019
@**********tvideos.nl, 21800, $100, Gaming & Entertainment, 18/05/2019
@********ingh332, 94602, $450, Movies TV & Fanpages, 18/05/2019
@********awesome, 20052, $100, Travel & Nature, 18/05/2019
@*******_loveer, 21449, $125, Fitness & Sports, 17/05/2019
@*****nttk, 60986, $300, Gaming & Entertainment, 17/05/2019
@*****nela_, 14604, $100, Fashion & Style, 10/06/2019
@******arage, 9119, $150, Movies TV & Fanpages, 17/05/2019
@*******ashion, 17234, $150, Fashion & Style, 17/05/2019
@********atvoorop, 9709, $100, Humor & Memes, 17/05/2019
@********dsucceed, 22359, $215, Luxury & Motivation, 17/05/2019
@*******arma.67, 322043, $1700, Fashion & Style, 24/05/2019
@********ntravels, 7585, $100, Travel & Nature, 12/09/2019
@*****sred, 70358, $500, Fashion & Style, 17/05/2019
@****mae_, 521334, $6500, Fashion & Style, 17/05/2019
@*******eathen, 86599, $200, Quotes & Text, 15/05/2019
@********tavian30, 20481, $325, Fashion & Style, 15/05/2019
@***ggz, 15787, $130, Travel & Nature, 15/05/2019
@******abezz, 40205, $500, Fashion & Style, 15/05/2019
@*******.style, 29621, $180, Fashion & Style, 15/05/2019
@**********gadictors, 10101, $101, Travel & Nature, 15/05/2019
@*****ylez, 15865, $100, Fashion & Style, 15/05/2019
@*******agonfly, 10263, $350, Health & Beauty, 15/05/2019
@*********abesvogue, 132923, $2500, Fashion & Style, 15/05/2019
@********t.lover, 10831, $120, Pets & Animals, 15/05/2019
@*********s.clubig, 10238, $125, Pets & Animals, 15/05/2019
@********t_lovers, 11326, $140, Pets & Animals, 15/05/2019
@*******travels, 8967, $100, Travel & Nature, 15/05/2019
@*******million, 11190, $110, Gaming & Entertainment, 15/05/2019
@************out_official, 56173, $460, Blog & Lifestyle, 13/05/2019
@*****er_v1, 14205, $125, Blog & Lifestyle, 13/05/2019
@********op_girls, 24731, $220, Blog & Lifestyle, 12/09/2019
@*******fersonn, 22540, $670, Blog & Lifestyle, 30/08/2019
@********hfashion, 6667, $120, Fashion & Style, 13/05/2019
@******d0nes, 10948, $300, Quotes & Text, 30/05/2019
@*****in.x, 140067, $500, Fitness & Sports, 13/05/2019
@******isney, 63586, $630, Movies TV & Fanpages, 11/05/2019
@*******updates, 110522, $556, Food & Nutrition, 10/05/2019
@*******amkenya, 70476, $1000, Gaming & Entertainment, 10/05/2019
@********cluster, 11958, $140, Educational & QA, 09/05/2019
@*******e_jetes, 107495, $2000, Luxury & Motivation, 09/05/2019
@**********s.official, 47548, $4444, Business & Brand, 08/05/2019
@*******ni.exe, 11920, $100, Business & Brand, 07/05/2019
@***********_style_2019, 10326, $100, Fashion & Style, 07/05/2019
@****berk, 42434, $750, Blog & Lifestyle, 07/05/2019
@********eninetyz, 11940, $250, Fashion & Style, 07/05/2019
@*****ronze, 10101, $100, Business & Brand, 05/05/2019
@*********lsiseasy, 6714, $180, Luxury & Motivation, 05/05/2019
@******ils_ig, 134960, $450, Fitness & Sports, 30/05/2019
@*******rtclips, 23687, $350, Gaming & Entertainment, 05/05/2019
@*****kimo, 7205, $175, Pets & Animals, 05/05/2019
@*****hila, 11689, $100, Pets & Animals, 05/05/2019
@*****cats1, 9866, $160, Pets & Animals, 05/05/2019
@******day_2, 20915, $150, Pets & Animals, 05/05/2019
@*******addiez, 111031, $900, Fitness & Sports, 03/05/2019
@******atil93, 5044, $101, Fashion & Style, 03/05/2019
@*****gyal, 191429, $4000, Fashion & Style, 03/05/2019
@****bity, 16663, $150, Humor & Memes, 03/05/2019
@****s.mt, 10042, $300, Fitness & Sports, 12/09/2019
@************tographers_, 5513, $100, Travel & Nature, 01/05/2019
@*******eprince, 23233, $500, Blog & Lifestyle, 01/05/2019
@****fit, 11524, $100, Fitness & Sports, 09/05/2019
@*******.exist, 10555, $200, Fashion & Style, 29/04/2019
@*********staguns1, 10046, $200, Blog & Lifestyle, 28/04/2019
@*****d.lo, 27718, $200, Movies TV & Fanpages, 28/04/2019
@******te.ofc, 15318, $150, Fashion & Style, 24/05/2019
@********nalslife, 51554, $550, Movies TV & Fanpages, 25/04/2019
@*******worthy, 19505, $150, Travel & Nature, 25/04/2019
@****osss, 28335, $175, Fashion & Style, 25/04/2019
@****inme, 10704, $200, Humor & Memes, 25/04/2019
@********travels, 10323, $100, Travel & Nature, 25/04/2019
@******pakad, 15810, $100, Blog & Lifestyle, 01/05/2019
@*******nxbike, 6249, $100, Fitness & Sports, 29/04/2019
@****ohit, 35899, $100, Cars & Bikes, 01/05/2019
@*****tores, 5667, $100, Business & Brand, 22/04/2019
@******eastie, 5463, $100, Cars & Bikes, 22/04/2019
@*******ya_one, 33512, $175, Fashion & Style, 01/08/2019
@*******rateful, 8865, $110, Movies TV & Fanpages, 22/04/2019
@********_girl25, 16743, $100, Fitness & Sports, 19/04/2019
@********_babies, 5047, $100, Blog & Lifestyle, 19/04/2019
@******lz.usa, 176371, $1000, Fashion & Style, 02/09/2019
@*****banz, 189144, $1000, Fashion & Style, 02/09/2019
@****awez, 11876, $150, Fashion & Style, 18/04/2019
@******ialxtc, 11477, $225, Business & Brand, 18/04/2019
@******ste18, 27680, $100, Fitness & Sports, 18/04/2019
@*********rl_ever03, 14631, $275, Fashion & Style, 17/04/2019
@**************ore.traveling, 5187, $100, Travel & Nature, 17/04/2019
@******ts24.7, 10750, $150, Pets & Animals, 17/04/2019
@*****s24.7, 7198, $100, Movies TV & Fanpages, 17/04/2019
@*******p.beats, 50411, $700, Gaming & Entertainment, 17/04/2019
@*********stermind, 5689, $100, Luxury & Motivation, 15/04/2019
@*******crunchy, 35666, $720, Reviews & Tutorials, 15/04/2019
@****ugis, 7028, $2000, Travel & Nature, 15/04/2019
@**ot, 7689, $3400, Fashion & Style, 01/05/2019
@********rs_meme_, 65442, $520, Gaming & Entertainment, 01/05/2019
@**********alfanpage, 11929, $100, Movies TV & Fanpages, 15/04/2019
@********g_lover, 38133, $380, Pets & Animals, 12/04/2019
@*********tavasoli, 23936, $230, Fitness & Sports, 12/04/2019
@******orld11, 12767, $150, City & Country, 12/04/2019
@****y_yy, 12221, $120, Blog & Lifestyle, 09/04/2019
@*********re.suite, 5392, $100, Luxury & Motivation, 08/04/2019
@*****hoex, 12975, $300, Blog & Lifestyle, 08/04/2019
@********utekids, 29047, $350, Fashion & Style, 06/04/2019
@**********cessories, 9910, $1000, Fashion & Style, 06/04/2019
@********utekids, 29047, $350, Fashion & Style, 15/04/2019
@******ud.sl, 6261, $100, Movies TV & Fanpages, 04/04/2019
@*****ejrs2, 6116, $100, Fitness & Sports, 04/04/2019
@*****it59, 20345, $220, Fitness & Sports, 15/04/2019
@*********eyonline, 58638, $450, Travel & Nature, 31/03/2019
@****urce, 234525, $1900, Movies TV & Fanpages, 30/03/2019
@*******dclouds, 14999, $135, Humor & Memes, 27/03/2019
@*******ospect, 218656, $2000, Food & Nutrition, 27/03/2019
@********rsreport, 60620, $150, Cars & Bikes, 25/03/2019
@******iiii_, 8913, $300, Blog & Lifestyle, 15/04/2019
@*****l_dx, 17081, $450, Travel & Nature, 21/03/2019
@******urtesy, 6149, $325, Fashion & Style, 21/03/2019
@*********r_dreams_, 15575, $375, Travel & Nature, 21/03/2019
@*********fficial_, 16787, $375, Travel & Nature, 21/03/2019
@*******svirgin, 71825, $750, Cars & Bikes, 21/03/2019
@**********stravel__, 7886, $195, Travel & Nature, 21/03/2019
@***o3, 5377, $175, Travel & Nature, 21/03/2019
@********ezeytoon, 14209, $100, Food & Nutrition, 18/03/2019
@*****iral, 44131, $150, Humor & Memes, 26/02/2019
@****orps, 63440, $160, Movies TV & Fanpages, 05/02/2019
@****mot_, 18954, $180, Gaming & Entertainment, 05/02/2019
@*****t_tun, 10319, $120, Art & Design, 05/02/2019
@*******th.you, 121137, $900, Fitness & Sports, 11/09/2019
@********.womens, 100386, $750, Fitness & Sports, 11/09/2019
@***ity, 36531, $270, Fitness & Sports, 11/09/2019
